ID,timestamp_ms,year,month,day,hour,min,sec,lat_E7,lon_E7,alt_cm,lat_err_cm,lon_err_cm,alt_err_cm,volt_avg,volt_std,amp_avg,amp_std,ldr_avg,ldr_std,pres_avg_hpa,pres_std,acx_avg,acx_std,acy_avg,acy_std,acz_avg,acz_std,gyx_avg,gyx_std,gyy_avg,gyy_std,gyz_avg,gyz_std,mgx_avg,mgx_std,mgy_avg,mgy_std,mgz_avg,mgz_std
FTLN,2650,20-1,-1,-1,-1,-1,-1,-500,-500,-500,3008,3008,3008,746,2,509,0,75,7,1087,0,-3056,346,-1485,712,-3103,305,609,133,193,255,398,495,3,14,282,24,-91,22
FTLN,3652,20-1,-1,-1,-1,-1,-1,-500,-500,-500,3008,3008,3008,735,2,509,0,102,4,1087,0,-1880,777,-2461,445,-2257,966,61,355,381,458,-35,178,91,15,231,27,-124,10
FTLN,4792,20-1,-1,-1,-1,-1,-1,-500,-500,-500,3008,3008,3008,737,1,509,0,101,1,1087,0,-1369,583,-2064,608,-3404,787,0,253,-2,227,-77,218,52,15,149,8,-157,4
FTLN,5792,20-1,-1,-1,-1,-1,-1,-500,-500,-500,3008,3008,3008,737,0,509,0,100,1,1087,0,-971,460,-2070,633,-3456,837,-107,234,-20,282,-25,208,49,8,136,12,-155,3
FTLN,6792,20-1,-1,-1,-1,-1,-1,-500,-500,-500,3008,3008,3008,740,1,508,0,97,2,1087,0,-1199,298,-1957,572,-3464,888,-26,178,-119,289,-109,158,39,9,159,12,-156,7
FTLN,7792,20-1,-1,-1,-1,-1,-1,-500,-500,-500,3008,3008,3008,740,1,509,0,96,1,1087,0,-1253,448,-2076,497,-3445,844,31,185,108,193,13,160,42,9,180,9,-152,7
FTLN,8792,20-1,-1,-1,-1,-1,-1,-500,-500,-500,3008,3008,3008,739,0,509,0,98,1,1087,0,-1210,282,-2116,625,-3437,662,9,206,-73,264,24,213,44,7,156,12,-153,5
FTLN,9792,200,1,1,7,45,7,-500,-500,-500,3008,3008,3008,741,0,509,0,94,1,1087,0,-1658,461,-2312,604,-3015,890,-33,222,-30,209,-26,196,43,4,183,6,-148,5
FTLN,10792,200,1,1,7,45,8,-500,-500,-500,3008,3008,3008,747,2,509,0,79,6,1087,0,-2094,660,-1942,305,-3089,450,-413,134,-382,223,-625,256,31,8,247,37,-116,20
FTLN,11792,200,1,1,7,45,9,-500,-500,-500,3008,3008,3008,749,0,509,0,78,3,1087,0,-1660,412,-1296,343,-3712,465,-69,261,-135,287,-51,413,50,11,327,16,-51,18
FTLN,12792,200,1,1,7,45,10,-500,-500,-500,3008,3008,3008,749,0,509,0,78,6,1087,0,-1443,667,-1431,324,-3600,368,-113,97,130,322,-31,117,27,4,313,16,-66,19
FTLN,13792,200,1,1,7,45,11,-500,-500,-500,3008,3008,3008,749,0,509,0,81,2,1087,0,-1829,239,-1078,117,-3686,239,84,84,-126,123,178,42,5,11,314,7,-64,10
FTLN,14804,200,1,1,7,45,12,-500,-500,-500,3008,3008,3008,750,0,509,0,74,1,1087,0,-2068,209,-1155,59,-3493,115,-20,35,-10,132,-65,43,-7,3,320,6,-56,6
FTLN,15804,200,1,1,7,45,13,-500,-500,-500,3008,3008,3008,750,0,509,0,73,1,1087,0,-1965,126,-1247,36,-3450,91,53,46,-18,72,-5,63,0,7,327,6,-51,5
FTLN,16804,200,1,1,7,45,14,-500,-500,-500,3008,3008,3008,750,0,509,0,64,3,1087,0,-2179,131,-1468,303,-3180,368,218,96,-21,95,87,52,15,9,328,5,-46,2
FTLN,17804,200,1,1,7,45,15,-500,-500,-500,3008,3008,3008,750,0,509,0,62,0,1087,0,-2211,386,-1833,406,-3068,267,61,112,40,131,86,46,20,8,317,6,-62,5
FTLN,18804,2019,6,22,7,45,16,-500,-500,-500,3008,3008,3008,750,0,509,0,64,3,1087,0,-2424,177,-1874,358,-2788,228,-63,174,-71,231,-35,113,8,8,312,11,-69,13
FTLN,19804,2019,6,22,7,45,17,-500,-500,-500,3008,3008,3008,750,0,509,0,62,3,1087,0,-2390,135,-1368,449,-3174,264,126,182,117,112,126,142,4,6,323,11,-53,9
FTLN,20804,2019,6,22,7,45,18,-500,-500,-500,3008,3008,3008,748,1,509,0,74,5,1087,0,-2345,337,-1599,314,-3028,277,182,128,185,173,267,100,3,5,278,21,-95,12
FTLN,21804,2019,6,22,7,45,19,-500,-500,-500,3008,3008,3008,745,0,509,0,87,2,1087,0,-1748,798,-1784,421,-3142,512,-83,249,241,339,-64,103,13,10,222,25,-131,8
FTLN,22804,2019,6,22,7,45,20,-500,-500,-500,3008,3008,3008,744,1,509,0,92,4,1087,0,-1914,656,-1434,489,-3853,1140,193,199,-17,396,55,133,0,17,175,11,-144,7
FTLN,23804,2019,6,22,7,45,21,-500,-500,-500,3008,3008,3008,740,0,509,0,97,1,1087,0,-1169,796,-1925,425,-3028,956,-97,217,299,491,189,194,31,13,162,12,-155,5
FTLN,24804,2019,6,22,7,45,22,-500,-500,-500,3008,3008,3008,737,0,509,0,100,1,1087,0,-877,323,-1022,537,-3827,473,28,173,55,251,215,147,12,11,54,17,-150,4
FTLN,25804,2019,6,22,7,45,23,-500,-500,-500,3008,3008,3008,738,2,509,0,98,1,1087,0,-518,780,-685,820,-4055,750,-173,364,-12,365,-177,138,-14,31,32,13,-142,8
FTLN,26804,2019,6,22,7,45,24,-500,-500,-500,3008,3008,3008,738,1,509,0,95,1,1087,0,-947,342,-1013,356,-3980,295,-9,340,-24,276,39,123,-12,13,78,14,-147,8
FTLN,27804,2019,6,22,7,45,25,-500,-500,-500,3008,3008,3008,743,1,509,0,89,2,1087,0,-1200,320,-395,296,-4094,422,-88,135,-121,241,-143,47,-55,13,87,21,-137,5
FTLN,28804,2019,6,22,7,45,26,-500,-500,-500,3008,3008,3008,742,2,509,0,91,2,1087,0,-1119,347,-722,316,-3993,355,117,179,118,183,52,90,-43,18,103,11,-143,7
FTLN,29804,2019,6,22,7,45,27,-500,-500,-500,3008,3008,3008,740,2,509,0,96,6,1087,0,-638,714,-387,240,-4148,575,-55,229,223,305,-93,203,-43,17,59,25,-137,10
FTLN,30812,2019,6,22,7,45,28,-500,-500,-500,3008,3008,3008,739,0,509,0,104,1,1087,0,92,291,-275,166,-4235,371,-53,131,-17,158,-344,110,-65,5,35,12,-128,5
FTLN,31812,2019,6,22,7,45,29,-500,-500,-500,3008,3008,3008,743,0,508,0,107,1,1087,0,160,82,-429,82,-4205,144,0,44,-37,96,-213,68,-79,4,97,12,-129,4
FTLN,32812,2019,6,22,7,45,30,-500,-500,-500,3008,3008,3008,745,0,509,0,101,1,1087,0,60,71,-432,26,-4217,52,3,19,-17,37,-84,22,-75,5,122,9,-126,4
FTLN,33812,2019,6,22,7,45,31,-500,-500,-500,3008,3008,3008,747,0,509,0,99,0,1087,0,42,86,-416,27,-4235,41,3,11,-10,52,-61,19,-74,6,132,5,-125,6
FTLN,34816,2019,6,22,7,45,32,421209105,-88495177,280,510,390,1300,739,3,504,2,99,0,1087,0,125,251,-280,220,-4435,719,-8,10,4,39,-53,12,-70,6,149,5,-127,5
FTLN,35816,2019,6,22,7,45,33,421209092,-88495160,330,390,310,1200,716,10,493,4,100,0,1087,0,-30,356,-355,253,-3936,1083,-10,20,-1,16,-132,59,-68,7,162,8,-116,4
FTLN,36816,2019,6,22,7,45,32,421209062,-88495140,340,310,250,1000,682,5,483,1,103,0,1087,0,324,334,-241,373,-4389,926,4,9,-13,19,-219,35,-57,8,198,11,-111,5
FTLN,37816,2019,6,22,7,45,33,421209012,-88495092,380,260,210,870,683,4,483,0,101,1,1087,0,171,300,-392,274,-4512,902,0,41,-26,50,-131,11,-43,6,221,7,-110,4
FTLN,38816,2019,6,22,7,45,34,421208960,-88495020,400,230,190,780,688,4,483,1,100,0,1087,0,199,265,-218,418,-4441,689,-12,59,-8,51,-137,33,-31,6,239,5,-107,4
FTLN,39816,2019,6,22,7,45,35,421208907,-88494945,420,210,170,720,687,4,483,1,97,0,1087,0,250,322,-391,385,-4174,708,23,46,-10,71,-306,23,-2,13,253,6,-109,4
FTLN,40816,2019,6,22,7,45,36,421208863,-88494857,460,200,160,670,690,4,483,1,94,1,1087,0,273,352,-225,272,-4347,814,1,30,-18,36,-302,11,44,13,267,5,-106,4
FTLN,41816,2019,6,22,7,45,37,421208837,-88494760,500,180,150,630,689,4,483,0,91,0,1087,0,293,307,-423,367,-4442,679,2,20,-27,29,-306,9,92,14,270,4,-106,5
FTLN,42816,2019,6,22,7,45,38,421208818,-88494658,560,170,140,590,690,4,483,1,91,0,1087,0,282,319,-258,365,-4013,1125,-3,24,-44,54,-204,91,137,10,250,8,-95,5
FTLN,43816,2019,6,22,7,45,39,421208837,-88494560,620,160,130,530,688,6,483,1,94,1,1087,0,187,349,-331,290,-4339,986,4,19,-3,37,-127,10,157,6,244,4,-94,3
FTLN,44816,2019,6,22,7,45,40,421208858,-88494452,720,150,120,460,599,52,476,1,94,0,1087,0,19,384,-289,283,-3892,803,-8,24,5,31,-148,16,176,3,237,5,-87,5
FTLN,45816,2019,6,22,7,45,41,421208890,-88494353,810,140,110,410,483,7,474,0,94,0,1087,0,120,354,-390,335,-4441,996,6,19,-27,32,-46,52,190,6,230,6,-84,3
FTLN,46824,2019,6,22,7,45,42,421208935,-88494272,870,130,100,380,485,9,475,0,96,0,1087,0,65,294,-480,388,-4429,850,-5,25,-2,23,-83,39,195,5,222,4,-82,4
FTLN,47824,2019,6,22,7,45,43,421208980,-88494192,920,120,96,350,485,10,475,0,95,0,1087,0,292,342,-308,384,-4379,1068,2,24,0,27,-205,31,206,8,197,10,-82,4
FTLN,48824,2019,6,22,7,45,44,421209035,-88494132,950,120,91,330,486,10,476,0,96,0,1087,0,-22,396,-214,325,-4081,1278,-5,14,-17,38,-95,22,218,5,179,4,-79,4
FTLN,49824,2019,6,22,7,45,45,421209098,-88494090,960,110,87,310,486,7,476,0,97,0,1087,0,17,369,-501,382,-4426,969,5,17,-20,19,58,47,222,4,176,5,-83,5
FTLN,50824,2019,6,22,7,45,46,421209163,-88494052,980,110,84,300,484,12,476,0,96,0,1087,0,-33,326,-355,333,-4421,1056,-3,8,9,41,92,16,215,5,191,7,-79,5
FTLN,51824,2019,6,22,7,45,47,421209225,-88494003,990,110,81,280,488,15,476,0,97,0,1087,0,-4,345,-295,413,-4202,1058,0,22,2,45,81,19,211,4,206,4,-77,4
FTLN,52824,2019,6,22,7,45,48,421209285,-88493948,990,100,78,270,623,129,492,15,96,0,1087,0,70,145,-519,224,-4417,492,15,32,18,6,7,19,201,4,206,15,-87,12
FTLN,53824,2019,6,22,7,45,49,421209332,-88493902,1000,100,75,260,749,0,509,0,96,0,1087,0,17,50,-483,31,-4228,73,0,13,-1,15,16,7,200,6,189,3,-98,3
FTLN,54824,2019,6,22,7,45,50,421209367,-88493867,1020,98,73,250,749,0,509,0,95,0,1087,0,3,62,-456,22,-4204,60,0,18,9,31,31,22,198,6,191,6,-98,4
FTLN,55824,2019,6,22,7,45,51,421209393,-88493838,1020,97,71,240,740,4,504,2,95,0,1087,0,72,151,-428,183,-4319,488,-5,16,-1,18,31,15,193,5,201,6,-97,6
FTLN,56824,2019,6,22,7,45,52,421209417,-88493812,1030,95,70,230,718,10,494,3,95,0,1087,0,12,364,-253,369,-4041,922,-2,21,9,19,77,26,189,5,216,7,-92,5
FTLN,57824,2019,6,22,7,45,53,421209448,-88493773,1030,93,68,230,652,33,482,2,97,0,1087,0,-85,327,-297,354,-4306,896,-20,22,-14,53,134,38,173,5,243,7,-85,3
FTLN,58824,2019,6,22,7,45,54,421209483,-88493712,1040,90,66,220,505,31,476,0,97,1,1087,0,-48,371,-283,345,-3792,928,0,49,11,117,57,33,157,5,257,6,-84,4
FTLN,59824,2019,6,22,7,45,55,421209522,-88493638,1040,88,64,210,483,9,475,0,96,0,1087,0,4,283,-276,286,-4279,884,11,43,24,85,82,17,143,5,265,4,-86,6
FTLN,60824,2019,6,22,7,45,56,421209553,-88493557,1040,87,63,210,485,10,475,0,96,0,1087,0,46,311,-411,326,-4180,765,0,26,2,75,71,19,132,6,271,7,-89,4
FTLN,61824,2019,6,22,7,45,57,421209580,-88493477,1040,85,62,200,489,14,475,0,95,0,1087,0,31,349,-417,353,-4645,1163,1,13,-2,40,74,11,117,6,277,5,-88,5
FTLN,62824,2019,6,22,7,45,58,421209600,-88493393,1040,83,60,200,482,13,475,0,94,0,1087,0,41,330,-283,323,-4171,1035,0,22,17,13,76,9,104,4,280,3,-92,4
FTLN,63832,2019,6,22,7,45,59,421209610,-88493307,1040,82,59,200,482,11,474,0,94,0,1087,0,-13,321,-345,384,-4319,990,6,40,12,48,-4,66,90,6,285,4,-91,4
FTLN,64832,2019,6,22,7,46,0,421209615,-88493215,1050,81,58,190,481,13,474,0,92,0,1087,0,137,278,-261,306,-4301,901,-12,16,-15,19,-41,29,95,6,277,5,-93,4
FTLN,65832,2019,6,22,7,46,1,421209628,-88493123,1040,79,57,190,489,10,474,0,92,0,1087,0,117,299,-383,319,-4079,816,1,17,1,17,-4,14,100,4,279,3,-90,5
FTLN,66832,2019,6,22,7,46,2,421209645,-88493030,1040,78,56,180,482,12,474,0,92,0,1087,0,119,374,-310,436,-4644,989,1,18,0,11,78,21,96,6,280,5,-91,4
FTLN,67836,2019,6,22,7,46,3,421209657,-88492937,1040,77,56,180,486,9,474,0,93,0,1087,0,-60,335,-372,283,-4257,867,6,15,16,26,23,60,81,4,282,5,-91,3
FTLN,68836,2019,6,22,7,46,4,421209657,-88492843,1040,76,55,180,486,8,474,0,93,0,1087,0,79,389,-226,323,-3912,1225,-2,18,-8,35,-62,12,81,5,279,4,-92,5
FTLN,69836,2019,6,22,7,46,5,421209660,-88492747,1040,75,54,180,483,8,473,0,93,0,1087,0,191,474,-429,341,-4776,1147,-15,40,-11,40,-52,7,87,5,281,4,-93,5
FTLN,70836,2019,6,22,7,46,6,421209668,-88492653,1040,75,54,170,485,10,473,0,94,0,1087,0,57,324,-194,334,-4052,1132,-1,66,1,48,27,27,94,5,283,8,-91,3
FTLN,71836,2019,6,22,7,46,7,421209678,-88492560,1040,74,53,170,490,9,473,0,93,0,1087,0,5,312,-346,372,-4297,936,10,63,11,39,-28,39,88,4,279,2,-88,2
FTLN,72836,2019,6,22,7,46,8,421209687,-88492470,1040,73,53,170,485,8,473,0,93,1,1087,0,158,371,-343,365,-4230,1016,1,48,-11,51,-42,17,93,5,280,6,-89,3
FTLN,73836,2019,6,22,7,46,9,421209697,-88492380,1040,73,52,170,482,12,473,0,92,0,1087,0,184,319,-256,315,-4676,858,-5,44,-4,33,-49,7,101,3,279,5,-93,4
FTLN,74836,2019,6,22,7,46,10,421209710,-88492290,1040,72,52,160,488,8,473,0,92,0,1087,0,201,426,-366,364,-4606,1291,0,34,7,50,-58,16,107,6,279,4,-90,5
FTLN,75836,2019,6,22,7,46,11,421209725,-88492200,1040,72,52,160,493,11,473,0,92,0,1087,0,54,362,-334,355,-4221,1245,4,39,-12,17,-9,54,116,6,270,5,-87,3
FTLN,76836,2019,6,22,7,46,12,421209748,-88492112,1030,71,51,160,487,10,473,0,92,0,1087,0,20,421,-456,409,-4532,907,6,39,2,27,107,9,106,8,278,5,-89,5
FTLN,77836,2019,6,22,7,46,13,421209768,-88492020,1030,71,51,160,486,9,473,0,93,0,1087,0,11,363,-437,388,-4391,1120,-4,30,1,45,75,10,87,6,281,4,-90,4
FTLN,78836,2019,6,22,7,46,14,421209778,-88491927,1030,71,51,160,488,7,473,0,94,0,1087,0,-187,264,-277,344,-3726,1195,-2,63,11,71,14,41,76,8,286,2,-91,6
FTLN,79844,2019,6,22,7,46,15,421209782,-88491837,1030,70,51,160,485,11,473,0,94,0,1087,0,182,325,-333,377,-4450,754,0,62,2,105,-52,13,80,4,283,4,-89,2
FTLN,80844,2019,6,22,7,46,16,421209785,-88491742,1030,70,50,160,490,15,473,0,93,0,1087,0,15,261,-357,349,-4122,823,-6,68,7,99,-77,17,87,5,282,6,-91,4
FTLN,81847,2019,6,22,7,46,17,421209792,-88491647,1030,70,50,160,484,10,473,0,93,0,1087,0,191,311,-429,308,-4357,894,1,70,-4,91,-65,15,97,6,278,6,-91,7
FTLN,82848,2019,6,22,7,46,18,421209803,-88491552,1030,69,50,160,490,12,474,0,92,0,1087,0,58,318,-454,372,-4329,1125,-7,48,-22,72,-65,10,106,5,276,5,-92,4
FTLN,83848,2019,6,22,7,46,19,421209822,-88491462,1030,69,50,150,489,8,474,0,92,0,1087,0,170,257,-290,358,-4610,1124,7,60,-4,47,-60,6,120,3,275,3,-90,5
FTLN,84848,2019,6,22,7,46,20,421209843,-88491373,1030,69,49,150,488,6,474,0,92,0,1087,0,148,387,-376,354,-4539,984,-1,56,1,46,-49,9,124,8,272,7,-89,4
FTLN,85848,2019,6,22,7,46,21,421209868,-88491285,1030,69,49,150,483,10,474,0,92,0,1087,0,94,349,-411,316,-4076,1023,4,36,-13,50,-67,12,130,8,266,5,-89,5
FTLN,86848,2019,6,22,7,46,22,421209898,-88491202,1030,69,49,150,485,11,474,0,92,0,1087,0,54,365,-355,421,-3848,1213,2,45,3,42,-62,12,139,2,266,4,-88,4
FTLN,87848,2019,6,22,7,46,23,421209932,-88491118,1020,69,49,150,480,12,474,0,92,0,1087,0,129,274,-314,525,-4515,897,-3,53,1,52,-65,13,148,5,261,6,-87,5
FTLN,88848,2019,6,22,7,46,24,421209965,-88491037,1020,69,49,150,486,10,475,0,94,0,1087,0,108,316,-439,283,-4316,887,-10,55,-12,38,-62,8,156,5,258,5,-85,4
FTLN,89848,2019,6,22,7,46,25,421210003,-88490955,1010,69,49,150,486,8,475,0,96,0,1087,0,72,310,-181,334,-4002,966,9,49,0,29,-73,6,164,7,250,4,-85,5
FTLN,90848,2019,6,22,7,46,26,421210045,-88490880,1010,68,48,150,483,6,475,0,95,0,1087,0,158,317,-527,335,-4344,901,-5,21,-15,66,-53,23,173,7,242,7,-81,5
FTLN,91848,2019,6,22,7,46,27,421210092,-88490810,1000,68,48,150,486,8,475,0,94,0,1087,0,70,298,-452,432,-4334,1023,-4,44,-7,57,-10,10,175,4,242,4,-82,3
FTLN,92848,2019,6,22,7,46,28,421210140,-88490742,1000,68,48,150,487,8,475,0,95,0,1087,0,108,345,-293,387,-4228,730,-7,54,-2,41,-48,18,176,4,242,7,-83,2
FTLN,93848,2019,6,22,7,46,29,421210187,-88490673,990,68,48,150,481,13,476,0,96,0,1087,0,109,342,-456,360,-4356,836,7,30,-5,46,-61,13,182,6,234,4,-84,5
FTLN,94848,2019,6,22,7,46,30,421210237,-88490608,990,68,48,150,489,10,476,0,95,0,1087,0,80,360,-357,348,-4118,893,-11,24,-3,31,14,19,189,5,231,6,-82,3
FTLN,95876,2019,6,22,7,46,31,421210290,-88490545,980,68,48,150,486,10,476,0,96,0,1087,0,-11,260,-312,338,-4053,691,8,46,9,19,-14,45,179,5,234,4,-86,5
FTLN,96876,2019,6,22,7,46,32,421210338,-88490478,980,68,48,150,484,12,476,0,95,0,1087,0,74,363,-355,291,-4395,1089,-1,18,-1,11,-62,9,186,4,230,7,-84,4
FTLN,97876,2019,6,22,7,46,33,421210392,-88490420,970,68,48,150,486,8,476,0,95,0,1087,0,59,406,-414,322,-4211,1059,8,22,0,40,70,35,191,4,226,6,-82,4
FTLN,98876,2019,6,22,7,46,34,421210442,-88490365,970,68,48,150,491,8,476,0,96,0,1087,0,-42,312,-377,348,-3867,968,-3,23,2,41,119,9,177,9,245,6,-82,5
FTLN,99876,2019,6,22,7,46,35,421210487,-88490303,970,67,48,150,488,7,476,0,95,1,1087,0,-148,350,-443,231,-4120,879,4,8,3,37,139,16,158,8,253,3,-84,5
FTLN,100876,2019,6,22,7,46,36,421210523,-88490237,970,67,48,140,487,8,476,0,94,0,1087,0,-64,349,-354,435,-4439,943,3,9,22,30,151,16,133,8,269,7,-86,6
FTLN,101876,2019,6,22,7,46,37,421210550,-88490157,970,66,48,140,488,11,475,0,94,0,1087,0,111,363,-316,355,-4550,933,2,10,5,35,118,33,107,9,278,5,-89,6
FTLN,102876,2019,6,22,7,46,38,421210560,-88490068,970,66,47,140,487,8,476,0,97,1,1087,0,6,272,-289,277,-4247,911,-6,21,18,18,59,6,92,4,280,5,-93,4
FTLN,103876,2019,6,22,7,46,39,421210567,-88489985,960,65,47,140,485,9,475,0,97,0,1087,0,44,405,-286,319,-4387,1016,2,33,-7,26,95,7,74,8,282,3,-94,4
FTLN,104876,2019,6,22,7,46,40,421210568,-88489900,950,65,47,140,488,11,476,0,97,0,1087,0,65,341,-338,332,-4518,1097,6,16,10,28,101,22,59,8,283,4,-95,4
FTLN,105876,2019,6,22,7,46,41,421210567,-88489812,940,64,47,140,490,11,476,0,100,0,1087,0,-158,310,-458,351,-3941,1022,-7,22,18,37,113,7,42,7,282,4,-93,5
FTLN,106876,2019,6,22,7,46,42,421210555,-88489723,940,64,47,140,484,8,476,0,100,0,1087,0,83,398,-246,373,-4763,1193,0,20,12,56,116,23,19,9,278,2,-95,4
FTLN,107876,2019,6,22,7,46,43,421210537,-88489640,940,63,47,140,483,15,476,0,102,0,1087,0,33,372,-403,400,-4386,639,7,21,2,78,132,20,2,7,266,3,-100,6
FTLN,108876,2019,6,22,7,46,44,421210510,-88489560,930,62,47,140,488,9,476,0,103,0,1087,0,-49,446,-297,405,-4123,961,-4,29,4,30,125,7,-16,9,256,5,-100,4
FTLN,109876,2019,6,22,7,46,45,421210477,-88489488,920,62,46,140,489,8,476,0,104,0,1087,0,0,315,-474,361,-4411,1118,7,38,11,40,118,21,-33,7,243,5,-101,4
FTLN,110876,2019,6,22,7,46,46,421210435,-88489423,910,61,46,140,491,9,476,0,104,0,1087,0,-230,295,-463,331,-3704,1053,1,31,6,64,108,10,-46,5,228,9,-106,4
FTLN,111876,2019,6,22,7,46,47,421210385,-88489367,900,61,46,130,486,12,477,0,104,0,1087,0,-43,374,-475,363,-4175,1101,0,35,21,35,136,19,-57,6,208,10,-102,3
FTLN,112888,2019,6,22,7,46,48,421210330,-88489320,880,60,46,130,488,8,476,0,104,0,1087,0,-16,349,-353,441,-4258,810,-1,15,12,23,136,17,-70,6,185,7,-106,5
FTLN,113888,2019,6,22,7,46,49,421210270,-88489288,870,60,46,130,488,11,477,0,103,0,1087,0,-24,371,-353,293,-4277,1239,4,19,11,49,126,12,-76,3,161,7,-104,4
FTLN,114888,2019,6,22,7,46,50,421210205,-88489272,850,59,46,130,485,7,477,0,103,0,1087,0,-35,361,-378,421,-4337,683,5,21,8,8,127,11,-82,5,136,8,-105,4
FTLN,115888,2019,6,22,7,46,51,421210138,-88489265,840,59,46,130,487,9,477,0,103,0,1087,0,48,349,-253,357,-4220,792,-3,31,10,26,120,11,-81,3,110,8,-104,4
FTLN,116888,2019,6,22,7,46,52,421210072,-88489268,820,59,46,130,489,12,478,0,102,0,1087,0,-36,337,-313,221,-4217,953,4,12,15,34,147,3,-75,4,88,8,-105,3
FTLN,117888,2019,6,22,7,46,53,421210003,-88489282,810,59,46,130,484,4,478,0,101,0,1087,0,-170,426,-346,358,-3959,932,0,25,14,28,120,41,-67,4,63,10,-102,2
FTLN,118888,2019,6,22,7,46,54,421209940,-88489317,790,59,46,130,482,11,479,0,101,0,1087,0,53,356,-388,389,-4090,912,0,16,9,24,-58,20,-63,6,43,5,-103,2
FTLN,119888,2019,6,22,7,46,55,421209877,-88489353,780,58,46,130,491,9,479,0,101,0,1087,0,129,310,-348,386,-4479,753,-1,27,-14,32,50,60,-65,3,47,4,-104,2
FTLN,120888,2019,6,22,7,46,56,421209812,-88489385,770,58,46,130,484,10,479,0,101,0,1087,0,257,318,-286,289,-5214,941,0,31,8,29,105,11,-59,4,36,7,-105,4
FTLN,121888,2019,6,22,7,46,57,421209750,-88489427,760,59,46,130,483,9,480,0,101,0,1087,0,14,338,-421,345,-4559,1019,-2,17,18,28,105,9,-48,4,19,6,-105,2
FTLN,122888,2019,6,22,7,46,58,421209693,-88489475,740,58,46,130,488,10,480,0,100,0,1087,0,-23,242,-385,302,-4319,723,4,38,14,38,92,65,-34,8,2,5,-100,5
FTLN,123888,2019,6,22,7,46,59,421209648,-88489538,730,58,46,130,485,9,480,0,100,0,1087,0,121,338,-247,261,-4128,925,-2,34,6,15,-30,41,-29,4,-6,5,-99,4
FTLN,124888,2019,6,22,7,47,0,421209602,-88489598,710,58,45,130,485,8,480,0,100,0,1087,0,113,354,-340,317,-4466,1163,-4,36,-9,43,89,6,-26,6,-2,6,-103,3
FTLN,125888,2019,6,22,7,47,1,421209557,-88489662,700,58,45,120,485,10,481,0,99,0,1087,0,69,330,-308,367,-4347,928,5,25,5,18,78,16,-17,6,-15,4,-102,3
FTLN,126888,2019,6,22,7,47,2,421209518,-88489733,690,58,45,120,486,10,481,0,100,0,1087,0,120,341,-406,389,-4394,980,0,19,10,19,-47,21,-7,3,-21,4,-96,4
FTLN,127888,2019,6,22,7,47,3,421209482,-88489805,680,58,45,120,491,11,481,0,100,0,1087,0,162,431,-257,303,-4517,998,1,14,-8,39,31,48,-9,5,-19,4,-102,4
FTLN,128916,2019,6,22,7,47,5,421209423,-88489908,670,58,45,120,487,10,481,0,100,0,1087,0,-57,234,-366,256,-4143,805,0,12,6,16,41,15,-3,3,-25,5,-100,5
FTLN,129916,2019,6,22,7,47,6,421209390,-88489983,660,58,45,120,487,7,481,0,100,0,1087,0,82,363,-369,313,-4422,1036,-7,23,4,14,-42,16,2,6,-29,5,-99,4
FTLN,130916,2019,6,22,7,47,7,421209355,-88490055,660,58,45,120,484,13,481,0,100,0,1087,0,155,241,-357,301,-4533,798,8,14,3,17,-4,4,-6,5,-27,4,-97,3
FTLN,131916,2019,6,22,7,47,8,421209317,-88490128,660,58,45,120,491,16,482,0,100,0,1087,0,28,266,-494,285,-4285,815,2,24,-6,14,62,38,0,4,-29,4,-100,4
FTLN,132916,2019,6,22,7,47,9,421209285,-88490200,650,58,45,120,486,13,482,0,100,0,1087,0,-110,363,-316,416,-3940,1082,-4,42,12,19,113,6,15,6,-36,5,-101,4
FTLN,133916,2019,6,22,7,47,10,421209260,-88490278,650,57,45,120,490,10,482,0,100,0,1087,0,-13,399,-235,256,-4299,1206,8,23,4,27,105,19,33,8,-41,5,-100,4
FTLN,134916,2019,6,22,7,47,11,421209248,-88490357,650,57,44,120,485,10,482,0,100,0,1087,0,131,404,-296,402,-4314,1082,1,14,5,52,-45,30,41,3,-47,4,-101,3
FTLN,135916,2019,6,22,7,47,12,421209230,-88490437,650,57,44,120,484,14,483,0,101,0,1087,0,-27,278,-530,342,-4216,1134,4,16,0,30,40,24,42,4,-46,3,-98,4
FTLN,136916,2019,6,22,7,47,13,421209215,-88490515,640,57,44,120,487,9,482,0,100,0,1087,0,-66,292,-354,235,-3804,1029,-6,20,0,29,98,36,52,6,-46,3,-96,4
FTLN,137916,2019,6,22,7,47,14,421209207,-88490595,640,57,44,120,492,12,483,0,100,0,1087,0,-121,338,-434,361,-4095,907,5,36,19,28,68,27,69,5,-49,5,-96,2
FTLN,138916,2019,6,22,7,47,15,421209208,-88490677,640,57,44,120,481,9,483,0,100,0,1087,0,-17,324,-349,254,-4335,864,1,20,8,32,5,52,78,5,-53,6,-98,3
FTLN,139916,2019,6,22,7,47,16,421209210,-88490758,640,57,44,120,485,10,483,0,100,0,1087,0,39,239,-335,387,-4049,861,2,24,-7,35,-64,9,77,3,-54,5,-95,6
FTLN,140916,2019,6,22,7,47,17,421209207,-88490842,650,57,43,120,487,11,483,0,100,0,1087,0,47,348,-461,283,-4131,873,-4,32,-11,25,-58,6,68,5,-56,4,-97,4
FTLN,141916,2019,6,22,7,47,18,421209203,-88490925,650,56,43,120,484,14,483,0,101,0,1087,0,113,263,-410,297,-4284,776,0,21,-2,16,-75,10,56,6,-52,4,-95,3
FTLN,142916,2019,6,22,7,47,19,421209192,-88491007,650,56,43,120,485,12,483,0,101,0,1087,0,109,352,-295,350,-4389,966,-5,15,-6,50,-60,18,46,5,-51,5,-98,3
FTLN,143916,2019,6,22,7,47,20,421209177,-88491090,650,56,43,120,486,14,483,0,101,0,1087,0,116,191,-427,269,-4181,610,0,18,1,25,-68,8,39,4,-46,4,-97,6
FTLN,144936,2019,6,22,7,47,21,421209158,-88491170,650,56,43,120,485,11,483,0,101,0,1087,0,133,335,-253,310,-4658,958,-2,29,0,31,-72,15,28,6,-45,3,-96,6
FTLN,145940,2019,6,22,7,47,22,421209133,-88491250,650,56,43,120,482,13,483,0,101,0,1087,0,30,337,-200,272,-3945,1056,1,16,-19,31,-52,14,21,5,-44,6,-95,4
FTLN,146940,2019,6,22,7,47,23,421209103,-88491325,640,56,43,120,486,11,483,0,101,0,1087,0,123,268,-344,342,-4108,782,4,14,-4,33,26,56,17,5,-38,4,-98,3
FTLN,147940,2019,6,22,7,47,24,421209073,-88491400,640,56,43,120,483,8,483,0,101,0,1087,0,44,324,-329,346,-4485,704,-1,16,9,16,110,12,28,8,-41,3,-100,3
FTLN,148940,2019,6,22,7,47,25,421209053,-88491477,640,56,43,120,485,11,484,0,101,0,1087,0,-96,275,-512,279,-4355,1003,8,24,7,19,119,5,48,8,-48,4,-102,5
FTLN,149940,2019,6,22,7,47,26,421209042,-88491555,640,56,43,120,481,13,484,0,101,0,1087,0,-78,317,-425,342,-4052,852,0,19,11,23,139,12,69,6,-51,4,-98,3
FTLN,150940,2019,6,22,7,47,27,421209038,-88491633,640,55,43,110,486,11,484,0,100,0,1087,0,34,234,-372,232,-4333,647,6,17,18,28,127,15,95,7,-53,3,-101,6
FTLN,151940,2019,6,22,7,47,28,421209042,-88491713,650,55,42,110,479,11,484,0,100,0,1087,0,-93,320,-421,363,-4164,777,1,21,5,20,138,11,117,8,-48,3,-95,5
FTLN,152940,2019,6,22,7,47,29,421209057,-88491792,650,55,42,110,487,10,484,0,100,0,1087,0,-97,345,-356,348,-4434,947,-3,20,14,26,90,50,141,9,-39,3,-97,5
FTLN,153940,2019,6,22,7,47,30,421209085,-88491863,660,55,42,110,487,11,484,0,100,0,1087,0,216,286,-337,326,-4814,781,0,20,1,34,-57,8,143,5,-44,3,-94,5
FTLN,154940,2019,6,22,7,47,31,421209108,-88491940,670,55,42,110,483,15,484,0,100,0,1087,0,-24,254,-367,375,-3790,625,-2,11,6,27,-69,9,136,3,-46,6,-94,4
FTLN,155940,2019,6,22,7,47,32,421209128,-88492018,670,55,42,110,485,12,484,0,100,0,1087,0,37,442,-387,416,-4144,1073,0,10,-15,33,-56,9,129,5,-46,3,-95,3
FTLN,156940,2019,6,22,7,47,33,421209147,-88492100,670,55,42,110,483,13,484,0,100,0,1087,0,-37,219,-439,349,-4084,937,-3,16,-7,45,-36,15,122,5,-51,3,-93,4
FTLN,157940,2019,6,22,7,47,34,421209163,-88492180,680,55,42,110,483,11,484,0,100,0,1087,0,232,330,-327,375,-4772,899,0,14,-6,39,-64,22,115,4,-52,2,-92,4
FTLN,158940,2019,6,22,7,47,35,421209175,-88492262,680,55,42,110,481,11,484,0,100,0,1087,0,29,327,-222,399,-4117,776,-3,16,9,50,-60,23,108,4,-52,4,-94,5
FTLN,159940,2019,6,22,7,47,36,421209182,-88492345,690,55,41,110,486,11,484,0,100,0,1087,0,36,346,-364,347,-4246,999,-4,18,-8,32,5,42,99,5,-56,5,-96,4
FTLN,160960,2019,6,22,7,47,37,421209188,-88492427,690,55,41,110,476,10,484,0,100,0,1087,0,-38,344,-369,319,-4148,960,9,20,8,44,18,66,109,7,-51,5,-96,5
FTLN,161960,2019,6,22,7,47,38,421209200,-88492513,690,55,41,110,488,14,484,0,100,0,1087,0,72,397,-300,305,-4073,1008,-8,12,-8,19,-57,6,103,6,-55,4,-93,3
FTLN,162964,2019,6,22,7,47,39,421209208,-88492590,700,55,41,110,715,67,504,8,100,0,1087,0,59,69,-479,110,-4278,344,17,13,-18,27,-22,26,100,5,-70,11,-107,6
FTLN,163964,2019,6,22,7,47,40,421209212,-88492648,710,54,41,110,744,0,509,0,101,0,1087,0,41,63,-465,19,-4217,46,-7,8,-8,49,-15,11,98,4,-74,5,-113,4
FTLN,164964,2019,6,22,7,47,41,421209215,-88492693,710,54,41,110,744,0,509,0,101,0,1087,0,41,85,-448,22,-4232,43,13,27,1,69,-35,14,98,6,-76,4,-113,4
FTLN,165964,2019,6,22,7,47,42,421209217,-88492730,710,54,41,110,744,0,509,0,101,0,1087,0,33,44,-444,25,-4207,45,-18,20,5,35,-28,4,94,7,-73,8,-112,5
FTLN,166964,2019,6,22,7,47,43,421209218,-88492760,720,55,41,110,744,0,509,0,100,0,1087,0,55,45,-439,18,-4241,33,9,14,-4,29,-23,18,93,2,-75,6,-110,6
FTLN,167964,2019,6,22,7,47,44,421209218,-88492787,720,55,41,110,744,0,509,0,100,0,1087,0,22,47,-430,26,-4211,45,-5,16,5,27,-5,10,86,2,-74,3,-114,6
FTLN,168964,2019,6,22,7,47,45,421209218,-88492810,720,55,41,110,744,0,509,0,101,0,1087,0,19,49,-421,28,-4226,77,0,30,-2,32,-2,7,93,5,-76,3,-114,5
FTLN,169964,2019,6,22,7,47,46,421209217,-88492830,720,55,41,110,744,0,509,0,100,0,1087,0,31,55,-416,24,-4233,57,0,21,0,44,-2,8,93,4,-76,4,-111,4
FTLN,170964,2019,6,22,7,47,47,421209215,-88492848,730,55,41,110,744,0,508,0,101,0,1087,0,47,58,-423,21,-4218,46,-2,9,0,35,13,12,95,5,-76,4,-111,5
FTLN,171964,2019,6,22,7,47,48,421209213,-88492865,730,55,41,110,744,0,509,0,100,0,1087,0,60,33,-418,24,-4251,58,12,25,0,29,13,12,98,2,-75,6,-111,3
FTLN,172964,2019,6,22,7,47,49,421209210,-88492882,730,55,41,110,744,0,509,0,100,0,1087,0,25,58,-408,26,-4220,55,-10,31,9,30,2,12,99,6,-74,4,-113,4
FTLN,173964,2019,6,22,7,47,50,421209208,-88492897,730,55,41,110,744,0,509,0,101,0,1087,0,18,67,-429,21,-4198,36,-5,19,-14,38,0,8,106,7,-74,4,-112,4
FTLN,174964,2019,6,22,7,47,51,421209208,-88492910,730,55,41,110,744,0,509,0,100,0,1087,0,23,127,-411,32,-4232,70,15,39,-7,90,-8,23,100,5,-76,5,-113,5
FTLN,175964,2019,6,22,7,47,52,421209208,-88492923,730,55,41,110,744,0,509,0,100,0,1087,0,36,99,-410,32,-4240,44,-16,27,12,75,-14,14,101,8,-75,6,-112,5
FTLN,176964,2019,6,22,7,47,53,421209207,-88492937,740,55,41,110,744,0,509,0,101,0,1087,0,32,85,-429,21,-4193,43,4,24,0,64,-3,19,103,4,-75,5,-109,4
FTLN,177972,2019,6,22,7,47,54,421209207,-88492945,740,55,41,110,744,0,508,0,100,0,1087,0,57,67,-405,36,-4249,77,8,49,10,48,-5,13,100,6,-75,4,-113,3
FTLN,178972,2019,6,22,7,47,55,421209205,-88492955,740,55,41,110,744,0,509,0,100,0,1087,0,51,105,-408,28,-4241,71,-5,33,7,57,-7,17,104,7,-72,3,-112,5
FTLN,179972,2019,6,22,7,47,56,421209203,-88492965,740,54,41,110,744,0,509,0,100,0,1087,0,40,104,-425,24,-4207,61,-8,18,-1,70,-2,20,107,4,-75,4,-112,3
FTLN,180972,2019,6,22,7,47,57,421209200,-88492973,750,54,41,110,744,0,509,0,100,0,1087,0,23,80,-417,27,-4212,50,1,25,-7,68,-2,13,107,4,-75,4,-111,3
FTLN,181972,2019,6,22,7,47,58,421209197,-88492982,750,54,41,110,744,0,509,0,101,0,1087,0,16,42,-408,19,-4230,37,-1,10,-6,20,-3,6,106,4,-72,3,-111,3
FTLN,182972,2019,6,22,7,47,59,421209193,-88492988,750,54,41,110,744,0,508,0,101,0,1087,0,39,61,-418,26,-4231,45,8,13,-8,32,-1,12,105,4,-73,9,-109,5
FTLN,183983,2019,6,22,7,48,0,421209193,-88492997,750,54,41,110,745,0,509,0,100,0,1087,0,47,43,-409,29,-4232,68,3,33,2,36,-5,11,105,4,-73,5,-111,4
FTLN,184984,2019,6,22,7,48,1,421209192,-88493003,750,54,40,110,744,0,509,0,100,0,1087,0,17,39,-413,19,-4201,40,-12,11,0,32,0,5,110,4,-73,3,-111,4
FTLN,185984,2019,6,22,7,48,2,421209190,-88493010,750,54,40,110,745,0,509,0,100,0,1087,0,33,66,-419,18,-4222,41,1,16,-1,37,7,14,111,4,-74,5,-110,5
FTLN,186984,2019,6,22,7,48,3,421209188,-88493017,750,54,40,110,745,0,509,0,100,0,1087,0,32,73,-420,21,-4209,61,1,23,-1,42,9,16,116,5,-73,5,-109,6
FTLN,187984,2019,6,22,7,48,4,421209185,-88493022,750,54,40,110,745,0,509,0,100,0,1087,0,43,40,-407,17,-4262,45,3,21,12,38,9,10,115,5,-72,3,-110,3
FTLN,188984,2019,6,22,7,48,5,421209183,-88493027,750,54,40,110,744,0,509,0,100,0,1087,0,27,42,-422,38,-4203,97,-4,44,10,31,10,7,123,4,-70,5,-109,5
FTLN,189984,2019,6,22,7,48,6,421209180,-88493032,760,54,41,110,744,0,508,0,100,0,1087,0,7,71,-422,30,-4212,60,1,17,-4,46,16,17,128,6,-69,4,-114,4
FTLN,190984,2019,6,22,7,48,7,421209178,-88493035,760,54,41,110,745,0,508,0,100,0,1087,0,57,109,-403,43,-4243,100,-1,53,-3,71,16,16,129,6,-69,6,-106,3
FTLN,191984,2019,6,22,7,48,8,421209177,-88493040,760,54,41,110,745,0,509,0,100,0,1087,0,47,29,-407,18,-4219,72,4,19,7,39,12,3,133,5,-63,7,-109,5
FTLN,192984,2019,6,22,7,48,9,421209175,-88493043,760,54,41,110,745,0,509,0,100,0,1087,0,35,78,-409,33,-4236,73,-10,27,-2,57,13,14,140,7,-66,5,-108,4
FTLN,193992,2019,6,22,7,48,10,421209175,-88493047,760,54,41,110,745,0,509,0,100,0,1087,0,34,72,-417,26,-4222,46,2,30,3,68,13,6,142,5,-65,3,-108,6
FTLN,194992,2019,6,22,7,48,11,421209173,-88493048,770,54,41,110,737,6,505,2,100,0,1087,0,90,137,-378,137,-4143,268,18,33,-8,71,12,22,142,4,-59,6,-109,6
FTLN,195992,2019,6,22,7,48,12,421209175,-88493058,770,54,41,110,711,12,497,3,100,0,1087,0,-3,328,-374,344,-4275,746,-15,40,0,98,-9,24,147,5,-49,5,-104,3
FTLN,196992,2019,6,22,7,48,13,421209185,-88493083,770,54,41,110,612,50,487,1,100,0,1087,0,216,375,-216,267,-4646,865,-11,30,2,62,-50,18,142,5,-47,6,-96,4
FTLN,197992,2019,6,22,7,48,14,421209198,-88493125,770,54,41,110,479,15,485,0,100,0,1087,0,22,317,-488,407,-4038,927,5,19,-6,33,-43,14,135,8,-47,4,-94,3
FTLN,198992,2019,6,22,7,48,15,421209213,-88493175,780,54,41,110,489,12,485,0,100,0,1087,0,230,330,-328,315,-4545,803,-2,31,0,30,-59,14,129,5,-47,5,-93,4
FTLN,199992,2019,6,22,7,48,16,421209228,-88493233,780,55,41,110,483,7,484,0,100,0,1087,0,-58,349,-340,279,-3946,1287,-3,30,-5,31,-46,9,121,6,-50,2,-96,5
FTLN,200992,2019,6,22,7,48,17,421209238,-88493295,790,55,41,110,489,14,484,0,100,0,1087,0,72,332,-328,369,-4150,1265,7,24,0,22,-47,21,116,2,-52,3,-95,5
FTLN,201992,2019,6,22,7,48,18,421209247,-88493358,800,55,41,110,484,15,484,0,100,0,1087,0,199,341,-425,380,-4267,997,-2,36,-4,35,-47,15,110,6,-52,4,-94,4
FTLN,202992,2019,6,22,7,48,19,421209250,-88493425,800,55,41,110,490,11,484,0,100,0,1087,0,-20,389,-331,303,-3891,761,9,26,-6,68,102,33,116,7,-48,5,-98,6
FTLN,203992,2019,6,22,7,48,20,421209268,-88493488,800,55,41,110,481,12,484,0,100,0,1087,0,33,319,-432,295,-4322,1024,-4,33,13,51,-133,69,118,8,-50,7,-97,5
FTLN,204992,2019,6,22,7,48,21,421209283,-88493552,810,56,41,110,491,11,485,0,100,0,1087,0,173,376,-525,483,-4420,964,-13,36,-24,57,-193,16,94,10,-57,5,-95,5
FTLN,205992,2019,6,22,7,48,22,421209287,-88493612,810,56,41,110,481,9,485,0,100,0,1087,0,249,455,-318,346,-4356,1234,8,26,-11,40,-195,17,60,8,-59,3,-97,5
FTLN,206992,2019,6,22,7,48,23,421209282,-88493672,810,56,42,110,486,12,485,0,101,0,1087,0,129,424,-423,288,-4112,823,0,48,-18,42,-189,7,32,8,-50,6,-99,6
FTLN,207992,2019,6,22,7,48,24,421209270,-88493725,820,57,42,110,484,12,485,0,101,0,1087,0,72,328,-474,390,-4048,846,2,45,-21,28,-194,12,9,7,-37,6,-98,4
FTLN,208992,2019,6,22,7,48,25,421209250,-88493777,820,57,42,110,487,11,485,0,102,0,1087,0,141,322,-357,400,-4277,689,4,56,-23,25,-199,11,-17,8,-16,5,-100,3
FTLN,210000,2019,6,22,7,48,26,421209223,-88493822,810,58,43,110,482,10,485,0,102,0,1087,0,157,341,-334,336,-4341,1063,-7,35,-20,30,-194,19,-41,9,6,10,-104,3
FTLN,211000,2019,6,22,7,48,27,421209190,-88493858,820,58,43,110,489,11,485,0,103,0,1087,0,188,310,-353,338,-4458,990,-11,36,-16,38,-201,22,-60,6,31,10,-106,3
FTLN,212000,2019,6,22,7,48,28,421209153,-88493887,820,58,43,110,485,14,484,0,103,0,1087,0,18,322,-463,291,-4009,1163,12,39,-10,23,-196,11,-72,4,61,7,-110,3
FTLN,213000,2019,6,22,7,48,29,421209113,-88493905,820,58,44,110,492,12,484,0,103,0,1087,0,226,385,-394,333,-4523,946,11,30,-14,39,-208,13,-80,5,95,10,-108,4
FTLN,214000,2019,6,22,7,48,30,421209072,-88493908,820,58,44,110,487,13,484,0,104,0,1087,0,71,233,-470,323,-4187,711,3,34,-18,43,-194,7,-81,5,134,14,-110,3
FTLN,215000,2019,6,22,7,48,31,421209030,-88493897,820,57,44,120,489,13,484,0,105,0,1087,0,82,383,-372,286,-4064,927,0,25,-31,47,-159,23,-72,3,164,10,-111,3
FTLN,216000,2019,6,22,7,48,32,421208988,-88493875,830,57,45,120,487,14,484,0,106,0,1087,0,112,358,-357,308,-4217,677,-7,24,-29,81,-155,49,-63,5,190,9,-112,2
FTLN,217000,2019,6,22,7,48,33,421208947,-88493847,830,57,45,120,488,10,484,0,107,0,1087,0,255,366,-373,304,-4277,932,2,27,-1,85,-182,55,-48,8,212,6,-109,3
FTLN,218004,2019,6,22,7,48,34,421208912,-88493803,830,57,45,120,482,11,484,0,108,0,1087,0,117,321,-467,241,-4325,705,5,23,3,52,-103,14,-39,6,230,6,-108,4
FTLN,219004,2019,6,22,7,48,35,421208882,-88493752,830,57,45,120,488,14,484,0,108,0,1087,0,82,357,-328,355,-4234,1112,-4,32,-11,55,-97,11,-24,5,241,6,-110,4
FTLN,220004,2019,6,22,7,48,36,421208853,-88493698,840,57,45,120,489,14,484,0,108,0,1087,0,136,405,-276,347,-4590,1126,-6,42,-18,66,-94,25,-8,7,246,8,-104,4
FTLN,221004,2019,6,22,7,48,37,421208827,-88493643,840,57,45,120,480,11,484,0,108,0,1087,0,125,253,-335,290,-4069,1101,1,39,-2,49,-98,17,2,6,259,4,-108,5
FTLN,222004,2019,6,22,7,48,38,421208805,-88493583,840,57,45,120,485,11,484,0,107,0,1087,0,58,330,-384,263,-4038,788,2,44,-5,40,-93,11,16,5,263,3,-103,5
FTLN,223004,2019,6,22,7,48,39,421208785,-88493520,840,57,45,120,490,12,484,0,106,0,1087,0,14,301,-364,350,-4173,806,5,28,-19,45,-101,16,26,5,268,4,-103,4
FTLN,224020,2019,6,22,7,48,40,421208765,-88493452,840,56,45,120,482,10,483,0,105,0,1087,0,87,376,-418,318,-3923,1114,0,25,-14,31,-107,6,48,5,267,3,-102,5
FTLN,225020,2019,6,22,7,48,41,421208742,-88493397,820,56,44,120,488,11,484,0,104,0,1087,0,-40,269,-377,368,-3981,957,-9,50,-2,47,-97,7,60,5,273,3,-102,3
FTLN,226020,2019,6,22,7,48,42,421208728,-88493340,790,56,44,120,482,11,483,0,100,0,1087,0,-8,350,-546,322,-4166,770,2,56,-12,31,-94,14,75,5,275,6,-100,4
FTLN,227028,2019,6,22,7,48,43,421208722,-88493278,780,55,44,120,490,9,483,0,98,0,1087,0,125,258,-249,277,-4442,828,15,64,-13,45,-90,9,87,5,267,2,-98,6
FTLN,228028,2019,6,22,7,48,44,421208720,-88493217,770,55,43,120,482,10,484,0,98,0,1087,0,108,376,-429,398,-4276,1100,-22,64,0,49,-87,17,105,4,270,5,-96,4
FTLN,229028,2019,6,22,7,48,45,421208722,-88493157,750,55,43,120,485,11,484,0,99,0,1087,0,91,466,-231,405,-4199,1107,11,74,-12,37,-82,19,110,6,264,4,-96,2
FTLN,230028,2019,6,22,7,48,46,421208730,-88493097,750,55,43,120,484,13,484,0,99,1,1087,0,100,360,-306,305,-3885,886,6,71,-4,41,-87,13,130,3,260,6,-96,2
FTLN,231028,2019,6,22,7,48,47,421208743,-88493038,740,55,42,120,482,11,484,0,101,0,1087,0,1,372,-389,205,-4149,1244,-15,75,5,28,-90,12,140,7,257,4,-91,5
FTLN,232028,2019,6,22,7,48,48,421208758,-88492982,730,54,42,120,487,9,484,0,101,1,1087,0,125,342,-302,309,-4315,998,9,48,-17,26,-78,10,152,7,252,5,-94,5
FTLN,233028,2019,6,22,7,48,49,421208778,-88492925,720,54,42,120,517,69,485,3,102,0,1087,0,39,358,-446,370,-4287,1061,-2,41,-11,18,-79,13,158,3,243,3,-90,3
FTLN,234028,2019,6,22,7,48,50,421208803,-88492883,720,54,42,110,722,1,499,0,101,0,1087,0,69,246,-378,266,-4184,660,4,70,-3,25,34,22,166,4,230,4,-93,5
FTLN,235028,2019,6,22,7,48,51,421208825,-88492847,710,54,42,110,723,1,500,0,101,0,1087,0,-7,248,-357,201,-4087,895,-12,70,9,17,62,5,156,3,237,5,-95,5
FTLN,236028,2019,6,22,7,48,52,421208845,-88492810,700,54,41,110,723,1,499,0,99,0,1087,0,57,278,-383,255,-4413,1043,21,46,3,20,71,4,150,6,242,5,-97,5
FTLN,237028,2019,6,22,7,48,53,421208862,-88492772,700,54,41,110,722,1,499,0,98,0,1087,0,-60,220,-420,286,-3937,677,-12,27,12,36,70,13,135,7,246,6,-99,4
FTLN,238028,2019,6,22,7,48,54,421208872,-88492730,690,54,41,110,683,24,492,3,99,0,1087,0,-185,311,-499,388,-3884,867,3,36,0,31,47,29,122,5,257,5,-97,5
FTLN,239028,2019,6,22,7,48,55,421208882,-88492675,680,54,41,110,528,53,485,0,98,0,1087,0,22,317,-379,306,-4150,1093,-10,47,1,41,-15,21,118,3,264,5,-96,6
FTLN,240028,2019,6,22,7,48,56,421208897,-88492615,680,55,41,110,487,15,484,0,99,0,1087,0,-1,350,-501,340,-4448,946,8,40,-4,29,31,20,115,6,266,4,-92,3
FTLN,241028,2019,6,22,7,48,57,421208908,-88492552,680,55,41,110,487,14,484,0,99,0,1087,0,57,300,-379,249,-4156,795,-10,58,-2,30,-15,10,112,5,269,3,-95,4
FTLN,242028,2019,6,22,7,48,58,421208918,-88492488,680,55,41,110,488,20,484,0,99,0,1087,0,33,456,-331,287,-3975,1226,5,36,0,35,-30,5,114,4,264,4,-96,5
FTLN,243036,2019,6,22,7,48,59,421208928,-88492427,680,55,41,110,484,15,484,0,100,0,1087,0,144,268,-285,273,-4248,1252,2,72,0,20,-57,6,115,5,263,6,-92,3
FTLN,244036,2019,6,22,7,49,0,421208942,-88492367,670,55,41,110,489,13,484,0,99,0,1087,0,28,455,-509,288,-4533,1240,-6,35,-6,39,-26,11,125,2,262,4,-95,3
FTLN,245036,2019,6,22,7,49,1,421208953,-88492307,670,55,41,110,483,13,484,0,99,0,1087,0,198,323,-391,250,-4660,838,-4,27,-5,28,-28,6,134,4,262,5,-95,6
FTLN,246036,2019,6,22,7,49,2,421208970,-88492245,670,55,41,110,489,12,484,0,99,0,1087,0,-2,423,-436,365,-4247,1146,4,28,-6,37,-31,5,132,6,259,5,-90,3
FTLN,247036,2019,6,22,7,49,3,421208988,-88492183,670,55,41,110,492,13,484,0,98,0,1087,0,225,365,-333,296,-4683,1022,8,28,-6,62,-27,8,136,5,257,5,-93,4
FTLN,248036,2019,6,22,7,49,4,421209010,-88492122,670,55,41,110,482,13,484,0,99,0,1087,0,50,328,-463,230,-4569,1137,-4,31,10,75,-31,11,137,4,254,5,-93,2
FTLN,249036,2019,6,22,7,49,5,421209035,-88492063,670,55,41,120,490,12,484,0,98,0,1087,0,72,331,-361,324,-4195,980,4,34,-12,48,41,59,138,5,257,5,-94,3
FTLN,250036,2019,6,22,7,49,6,421209058,-88492007,670,55,41,120,489,13,484,0,99,0,1087,0,8,342,-319,300,-4163,829,-4,22,20,57,95,20,124,7,264,4,-95,5
FTLN,251036,2019,6,22,7,49,7,421209077,-88491948,660,55,41,120,480,19,484,0,99,0,1087,0,-166,385,-393,306,-3948,1111,-1,36,7,32,108,6,107,6,272,4,-92,5
FTLN,252036,2019,6,22,7,49,8,421209087,-88491887,660,55,41,120,487,15,484,0,100,1,1087,0,-6,360,-351,318,-4226,835,8,27,7,42,110,11,88,8,272,4,-96,5
FTLN,253036,2019,6,22,7,49,9,421209092,-88491825,670,55,41,120,487,14,484,0,101,0,1087,0,94,437,-343,258,-4549,1223,1,31,8,44,117,19,67,8,276,4,-95,5
FTLN,254036,2019,6,22,7,49,10,421209092,-88491762,680,55,41,120,484,10,484,0,104,1,1087,0,66,488,-329,258,-4643,1317,5,30,-1,68,119,15,47,7,275,5,-97,5
FTLN,255036,2019,6,22,7,49,11,421209088,-88491698,680,55,41,120,482,12,485,0,105,0,1087,0,-52,330,-434,331,-4072,943,-2,42,26,49,112,16,25,7,269,6,-102,3
FTLN,256036,2019,6,22,7,49,12,421209078,-88491637,700,55,41,120,485,15,485,0,107,0,1087,0,40,298,-291,259,-4228,1127,6,25,7,51,129,10,3,4,261,2,-103,3
FTLN,257036,2019,6,22,7,49,13,421209065,-88491580,700,54,42,120,489,13,484,0,108,0,1087,0,44,329,-419,337,-4359,1044,-3,30,25,44,132,11,-13,9,251,7,-107,5
FTLN,258036,2019,6,22,7,49,14,421209045,-88491528,700,54,42,120,482,14,485,0,109,0,1087,0,-45,337,-330,472,-4183,1061,5,49,21,45,131,17,-32,9,237,5,-108,3
FTLN,259044,2019,6,22,7,49,15,421209017,-88491485,690,54,42,120,486,8,485,0,108,0,1087,0,21,362,-405,313,-3927,1107,5,29,-8,55,135,17,-48,7,215,7,-109,3
FTLN,260044,2019,6,22,7,49,16,421208980,-88491445,690,54,42,120,490,11,485,0,108,0,1087,0,-116,305,-230,378,-4271,791,-8,37,-3,68,140,13,-63,8,193,6,-111,3
FTLN,261044,2019,6,22,7,49,17,421208938,-88491418,670,53,42,110,484,10,485,0,108,0,1087,0,-56,407,-338,329,-3971,955,7,30,42,40,114,10,-69,5,173,11,-109,5
FTLN,262044,2019,6,22,7,49,18,421208895,-88491397,650,52,42,110,490,9,485,0,107,0,1087,0,60,391,-337,338,-4346,1057,5,22,0,37,116,6,-75,4,151,5,-110,4
FTLN,263044,2019,6,22,7,49,19,421208852,-88491382,640,52,42,110,487,13,485,0,106,0,1087,0,126,335,-323,314,-4301,839,0,13,6,40,123,26,-75,4,126,8,-114,5
FTLN,264044,2019,6,22,7,49,20,421208805,-88491373,630,52,42,110,484,11,485,0,105,0,1087,0,-174,272,-404,314,-3949,1102,3,21,23,46,136,8,-78,3,101,11,-110,2
FTLN,265044,2019,6,22,7,49,21,421208757,-88491378,620,52,42,110,495,10,486,0,104,0,1087,0,-81,429,-393,353,-4035,982,-4,19,-4,26,134,12,-75,4,78,7,-113,5
FTLN,266044,2019,6,22,7,49,22,421208712,-88491395,610,52,42,110,483,11,486,0,104,0,1087,0,-5,386,-356,292,-4192,1126,7,25,23,30,116,10,-65,5,52,9,-109,4
FTLN,267044,2019,6,22,7,49,23,421208668,-88491420,600,52,42,110,490,10,486,0,104,0,1087,0,-100,403,-289,283,-4094,1168,3,25,8,22,141,8,-59,4,33,6,-109,4
FTLN,268052,2019,6,22,7,49,24,421208627,-88491457,590,51,42,110,486,7,486,0,103,0,1087,0,23,316,-411,327,-4536,896,-6,25,11,20,123,5,-45,5,13,7,-108,2
FTLN,269052,2019,6,22,7,49,25,421208590,-88491500,580,51,42,110,483,8,486,0,102,0,1087,0,-124,301,-402,303,-4032,1008,5,24,11,23,125,8,-32,8,11,64,-110,5
FTLN,270052,2019,6,22,7,49,26,421208560,-88491548,570,51,41,110,487,9,486,0,102,0,1087,0,12,317,-394,300,-4336,1139,4,17,6,23,102,8,-13,5,-23,8,-103,4
FTLN,271052,2019,6,22,7,49,27,421208533,-88491600,560,51,41,110,480,9,486,0,101,0,1087,0,27,250,-284,293,-4368,869,4,21,16,20,107,18,3,6,-30,4,-100,5
FTLN,272052,2019,6,22,7,49,28,421208515,-88491655,560,51,41,110,490,12,486,0,101,0,1087,0,39,440,-437,296,-4540,950,-12,19,13,27,114,8,20,6,-44,5,-104,5
FTLN,273052,2019,6,22,7,49,29,421208500,-88491713,560,51,41,110,482,13,486,0,101,0,1087,0,-12,403,-469,224,-4309,850,6,35,-1,21,106,12,37,8,-47,2,-105,3
FTLN,274052,2019,6,22,7,49,30,421208492,-88491775,560,51,41,110,487,12,486,0,101,0,1087,0,-155,354,-410,196,-3860,959,12,49,5,38,90,43,60,4,-53,5,-100,4
FTLN,275052,2019,6,22,7,49,31,421208488,-88491838,560,51,41,110,483,11,486,0,101,0,1087,0,67,264,-464,302,-4322,1106,-12,22,21,35,2,19,69,5,-52,6,-99,5
FTLN,276060,2019,6,22,7,49,32,421208487,-88491903,560,51,41,110,485,8,486,0,101,0,1087,0,22,308,-416,366,-4320,944,13,30,-3,48,-4,35,69,6,-53,5,-98,5
FTLN,277060,2019,6,22,7,49,33,421208485,-88491970,560,51,40,110,487,15,486,0,101,0,1087,0,58,313,-420,197,-4164,960,-14,34,-4,33,-10,24,67,5,-55,6,-99,4
FTLN,278060,2019,6,22,7,49,34,421208480,-88492035,560,51,40,110,487,14,487,0,101,0,1087,0,22,295,-395,238,-4137,973,9,34,0,59,31,31,69,4,-53,2,-100,5
FTLN,279060,2019,6,22,7,49,35,421208480,-88492100,560,51,40,100,488,12,487,0,101,0,1087,0,-7,283,-415,168,-4081,905,-9,29,17,55,-13,14,76,5,-58,4,-99,5
FTLN,280060,2019,6,22,7,49,36,421208480,-88492167,550,51,40,100,490,9,487,0,101,0,1087,0,55,372,-422,291,-4328,1157,11,39,-3,89,-7,30,73,5,-57,7,-97,5
FTLN,281060,2019,6,22,7,49,37,421208480,-88492233,550,51,40,100,486,10,487,0,101,0,1087,0,75,213,-419,214,-4368,833,-10,23,-1,53,6,19,79,4,-54,4,-98,6
FTLN,282060,2019,6,22,7,49,38,421208478,-88492297,560,51,40,100,488,14,487,0,101,0,1087,0,61,461,-401,178,-4541,1439,12,22,-14,21,81,23,82,6,-54,3,-99,3
FTLN,283060,2019,6,22,7,49,39,421208478,-88492365,560,51,39,100,482,13,487,0,101,0,1087,0,1,356,-445,382,-4185,1055,-4,26,15,35,90,17,100,5,-56,5,-96,5
FTLN,284060,2019,6,22,7,49,40,421208488,-88492427,560,51,39,100,484,13,487,0,101,0,1087,0,-19,374,-380,356,-4137,1170,5,22,14,23,26,27,111,8,-51,5,-99,4
FTLN,285060,2019,6,22,7,49,41,421208498,-88492490,560,50,39,100,487,10,487,0,101,0,1087,0,22,415,-405,302,-4146,959,4,16,1,55,-27,19,115,7,-52,3,-94,4
FTLN,286060,2019,6,22,7,49,42,421208510,-88492552,560,51,39,100,486,12,487,0,101,0,1087,0,-97,228,-484,275,-3833,817,-6,21,-2,29,-17,20,113,2,-53,3,-98,4
FTLN,287060,2019,6,22,7,49,43,421208518,-88492613,570,50,39,100,479,13,487,0,101,0,1087,0,-30,290,-428,222,-3897,1026,13,21,-13,36,-19,17,109,4,-57,5,-95,4
FTLN,288080,2019,6,22,7,49,44,421208525,-88492675,570,50,39,100,494,13,487,0,101,0,1087,0,104,293,-363,263,-4226,800,-4,34,13,33,-30,15,108,7,-56,5,-98,6
FTLN,289080,2019,6,22,7,49,45,421208532,-88492735,570,50,38,100,485,9,487,0,101,0,1087,0,95,432,-381,295,-4281,1065,-3,17,-7,25,-11,15,108,3,-55,4,-96,2
FTLN,290080,2019,6,22,7,49,46,421208540,-88492800,570,50,38,100,483,9,487,0,101,0,1087,0,-41,257,-473,334,-3962,1031,0,21,0,27,-26,5,104,5,-56,5,-98,5
FTLN,291080,2019,6,22,7,49,47,421208548,-88492863,570,50,38,100,485,3,487,0,101,0,1087,0,-80,379,-306,239,-3859,1142,-2,35,-6,13,-22,11,102,3,-55,7,-95,3
FTLN,292092,2019,6,22,7,49,48,421208558,-88492927,570,51,38,100,483,9,487,0,101,0,1087,0,162,296,-316,266,-4367,810,10,32,-6,24,-29,19,99,6,-57,5,-94,6
FTLN,293092,2019,6,22,7,49,49,421208565,-88492993,580,51,38,100,487,12,487,0,101,0,1087,0,-25,285,-334,299,-3663,648,-10,29,9,29,-32,18,96,7,-60,5,-97,3
FTLN,294092,2019,6,22,7,49,50,421208575,-88493057,580,51,38,100,488,10,487,0,101,0,1087,0,102,360,-473,295,-4632,1260,-3,34,-7,39,-23,12,93,8,-57,5,-98,5
FTLN,295092,2019,6,22,7,49,51,421208585,-88493120,590,51,38,100,483,13,487,0,101,0,1087,0,19,351,-422,360,-4157,1098,0,32,0,21,-28,10,88,4,-58,3,-97,4
FTLN,296092,2019,6,22,7,49,52,421208590,-88493187,600,52,38,100,483,18,487,0,101,0,1087,0,32,301,-484,381,-4086,1006,-2,47,-11,58,-22,12,88,5,-58,5,-96,7
FTLN,297092,2019,6,22,7,49,53,421208592,-88493252,610,52,38,100,486,7,487,0,101,0,1087,0,41,281,-336,412,-4000,704,12,30,-4,27,-24,7,85,4,-58,4,-95,4
FTLN,298104,2019,6,22,7,49,54,421208593,-88493318,610,52,38,100,487,10,487,0,101,0,1087,0,-41,391,-367,313,-4106,744,-14,25,2,39,-27,16,82,7,-60,5,-94,5
FTLN,299104,2019,6,22,7,49,55,421208593,-88493380,620,52,39,100,485,11,487,0,102,0,1087,0,56,327,-465,349,-4258,987,7,45,5,24,-30,8,80,4,-57,3,-98,3
FTLN,300104,2019,6,22,7,49,56,421208592,-88493442,630,52,39,100,645,98,495,6,102,0,1087,0,85,258,-364,227,-4092,813,9,35,0,47,-8,16,72,4,-62,7,-102,7
FTLN,301104,2019,6,22,7,49,57,421208587,-88493495,640,52,39,100,725,1,501,0,101,0,1087,0,-49,257,-373,306,-4109,710,-15,36,-7,59,61,7,85,4,-72,4,-110,4
FTLN,302104,2019,6,22,7,49,58,421208582,-88493540,650,52,39,100,726,1,501,0,101,0,1087,0,40,260,-389,244,-4075,742,14,26,8,59,76,4,93,6,-70,3,-108,4
FTLN,303104,2019,6,22,7,49,59,421208582,-88493583,650,52,39,100,726,1,502,0,101,0,1087,0,99,245,-309,250,-4398,693,9,40,10,46,68,4,107,8,-67,5,-108,4
FTLN,304104,2019,6,22,7,50,0,421208583,-88493627,660,52,39,100,703,16,497,3,101,0,1087,0,-24,373,-241,265,-4092,628,-15,27,19,44,68,6,120,4,-62,6,-102,6
FTLN,305104,2019,6,22,7,50,1,421208590,-88493678,660,52,38,100,580,58,489,1,101,0,1087,0,-157,295,-355,331,-3844,893,-2,32,-4,46,129,13,138,7,-47,7,-97,5
FTLN,306104,2019,6,22,7,50,2,421208603,-88493730,660,52,39,100,480,12,487,0,100,0,1087,0,-37,295,-373,226,-4150,1133,10,15,1,36,118,7,156,5,-35,5,-96,7
FTLN,307104,2019,6,22,7,50,3,421208622,-88493780,670,52,39,100,488,10,487,0,100,0,1087,0,-28,356,-446,224,-4196,1404,2,25,22,24,113,12,177,4,-19,4,-96,3
FTLN,308112,2019,6,22,7,50,4,421208650,-88493822,680,52,39,100,482,12,487,0,100,0,1087,0,54,325,-351,340,-4288,794,-3,11,6,23,121,10,191,6,-6,7,-93,4
FTLN,309112,2019,6,22,7,50,5,421208687,-88493858,680,52,39,100,485,6,487,0,100,0,1087,0,-32,370,-336,253,-4198,1208,3,8,5,17,2,25,202,5,2,3,-93,3
FTLN,310112,2019,6,22,7,50,6,421208725,-88493892,690,52,39,100,493,15,487,0,100,0,1087,0,72,293,-322,333,-3853,750,2,14,-4,22,-32,15,200,4,1,4,-91,5
FTLN,311112,2019,6,22,7,50,7,421208762,-88493930,700,53,40,100,484,10,487,0,100,0,1087,0,1,379,-435,268,-3875,1017,4,12,9,25,53,18,203,5,3,4,-94,7
FTLN,312112,2019,6,22,7,50,8,421208802,-88493967,700,53,40,100,488,10,486,0,100,0,1087,0,-144,316,-489,281,-3942,1322,1,25,6,21,66,8,209,3,14,5,-94,5
FTLN,313112,2019,6,22,7,50,9,421208845,-88494000,700,53,40,100,485,10,487,0,100,0,1087,0,-106,247,-423,359,-4016,662,1,8,5,40,0,22,209,3,18,4,-93,3
FTLN,314112,2019,6,22,7,50,10,421208890,-88494038,690,53,40,100,491,18,487,0,100,0,1087,0,6,266,-385,234,-4534,826,0,14,4,47,69,24,214,3,27,7,-90,4
FTLN,315112,2019,6,22,7,50,11,421208935,-88494068,690,53,41,100,711,73,504,8,100,0,1087,0,26,118,-485,110,-4350,525,2,29,-8,43,35,17,221,3,24,7,-98,9
FTLN,316112,2019,6,22,7,50,12,421208972,-88494088,690,53,41,100,747,0,509,0,100,0,1087,0,24,93,-452,23,-4209,50,4,14,2,62,-15,22,221,5,18,4,-105,3
FTLN,317112,2019,6,22,7,50,13,421208998,-88494103,690,53,41,100,747,0,509,0,100,0,1087,0,10,86,-424,33,-4240,53,5,25,-4,52,6,15,222,5,19,4,-103,4
FTLN,318112,2019,6,22,7,50,14,421209020,-88494112,690,53,42,100,747,0,509,0,100,0,1087,0,39,85,-428,30,-4242,83,-7,27,-4,68,-10,19,224,6,22,6,-103,4
FTLN,319112,2019,6,22,7,50,15,421209035,-88494118,690,53,42,100,747,0,509,0,100,0,1087,0,25,45,-432,23,-4209,60,7,13,9,40,-19,6,223,5,22,3,-103,3
FTLN,320112,2019,6,22,7,50,16,421209047,-88494123,690,53,42,100,747,0,509,0,100,0,1087,0,3,52,-406,41,-4225,103,8,50,5,34,-13,13,220,3,19,6,-102,5
FTLN,321112,2019,6,22,7,50,17,421209060,-88494125,700,53,42,100,747,0,509,0,100,0,1087,0,37,59,-415,26,-4235,46,-10,19,-3,45,-16,11,219,7,17,6,-100,5
FTLN,322112,2019,6,22,7,50,18,421209072,-88494128,700,53,42,100,747,0,509,0,100,0,1087,0,24,37,-413,24,-4218,55,3,20,3,23,-12,6,220,5,19,4,-102,6
FTLN,323112,2019,6,22,7,50,19,421209082,-88494132,700,53,42,100,747,0,509,0,100,0,1087,0,17,59,-407,18,-4234,49,-3,15,-7,31,2,9,222,3,20,5,-102,5
FTLN,324120,2019,6,22,7,50,20,421209092,-88494137,710,53,42,110,747,0,509,0,100,0,1087,0,29,61,-423,23,-4216,36,-6,14,-10,35,1,16,220,5,20,6,-103,7
FTLN,325120,2019,6,22,7,50,21,421209100,-88494142,710,53,43,110,747,0,509,0,100,0,1087,0,14,94,-414,20,-4236,44,3,11,3,53,-7,12,225,4,20,5,-106,6
FTLN,326120,2019,6,22,7,50,22,421209107,-88494147,720,54,43,110,747,0,509,0,100,0,1087,0,-2,149,-414,18,-4223,63,7,18,17,101,-8,31,224,4,25,7,-103,3
FTLN,327120,2019,6,22,7,50,23,421209110,-88494150,720,54,43,110,747,0,509,0,100,0,1087,0,17,215,-412,21,-4214,64,0,23,9,156,-6,42,225,6,21,4,-101,4
FTLN,328120,2019,6,22,7,50,24,421209113,-88494153,720,54,43,110,747,0,509,0,100,0,1087,0,55,219,-416,31,-4213,76,-6,24,0,143,-8,34,224,3,25,9,-100,4
FTLN,329120,2019,6,22,7,50,25,421209117,-88494152,720,54,43,110,747,0,509,0,100,0,1087,0,51,210,-413,35,-4229,79,-4,32,4,121,-10,34,225,6,26,5,-102,4
FTLN,330120,2019,6,22,7,50,26,421209122,-88494152,720,54,43,110,747,0,509,0,100,0,1087,0,45,264,-392,39,-4230,56,3,25,-9,171,-8,46,224,3,24,8,-101,4
FTLN,331120,2019,6,22,7,50,27,421209127,-88494150,720,54,44,110,747,0,509,0,100,0,1087,0,30,226,-406,40,-4230,76,3,34,-27,173,0,39,224,7,22,9,-103,3
FTLN,332120,2019,6,22,7,50,28,421209132,-88494150,720,54,44,110,747,0,509,0,100,0,1087,0,19,233,-409,28,-4196,58,-2,24,-19,166,-1,45,223,7,22,7,-102,3
FTLN,333120,2019,6,22,7,50,29,421209135,-88494152,710,54,44,110,747,0,509,0,100,0,1087,0,15,240,-413,31,-4211,78,1,24,-5,164,-1,44,224,4,26,10,-103,3
FTLN,334120,2019,6,22,7,50,30,421209137,-88494155,710,54,44,110,747,0,509,0,101,0,1087,0,-2,231,-412,19,-4222,64,3,25,0,150,4,38,225,5,27,9,-103,6
FTLN,335120,2019,6,22,7,50,31,421209137,-88494160,710,54,44,110,747,0,509,0,101,0,1087,0,-3,210,-407,24,-4225,54,-5,17,8,136,-1,32,224,6,30,7,-102,4
FTLN,336120,2019,6,22,7,50,32,421209135,-88494163,710,54,44,110,747,0,509,0,101,0,1087,0,5,164,-411,32,-4245,64,1,15,16,113,0,26,230,6,31,6,-101,3
FTLN,337120,2019,6,22,7,50,33,421209135,-88494165,710,54,44,110,747,0,509,0,101,0,1087,0,33,155,-412,18,-4214,67,1,15,12,110,5,27,227,6,35,7,-101,5
FTLN,338120,2019,6,22,7,50,34,421209132,-88494165,710,54,45,110,748,0,509,0,101,0,1087,0,43,52,-410,22,-4226,45,3,13,-6,37,10,7,228,3,36,3,-101,4
FTLN,339120,2019,6,22,7,50,35,421209132,-88494167,720,54,45,110,748,0,509,0,101,0,1087,0,7,97,-407,24,-4226,81,4,18,-10,62,9,13,228,3,39,3,-102,4
FTLN,340120,2019,6,22,7,50,36,421209132,-88494172,720,54,45,110,748,0,509,0,101,0,1087,0,-14,127,-413,54,-4200,121,1,40,9,64,9,15,230,4,43,6,-98,5
FTLN,341128,2019,6,22,7,50,37,421209132,-88494182,720,54,45,110,748,0,509,0,101,0,1087,0,9,141,-408,38,-4226,86,0,39,17,95,0,27,231,5,43,6,-100,5
FTLN,342128,2019,6,22,7,50,38,421209133,-88494188,720,54,45,110,748,0,509,0,101,0,1087,0,30,101,-390,33,-4255,55,-5,27,-2,55,-2,17,231,5,45,4,-102,7
FTLN,343128,2019,6,22,7,50,39,421209133,-88494195,720,54,45,110,748,0,509,0,101,0,1087,0,24,92,-414,36,-4221,81,-1,34,0,46,1,14,230,4,47,5,-104,3
FTLN,344128,2019,6,22,7,50,40,421209138,-88494202,710,54,45,110,748,0,509,0,101,0,1087,0,22,44,-415,25,-4209,46,-5,26,-9,25,-1,7,228,7,47,4,-102,5
FTLN,345128,2019,6,22,7,50,41,421209138,-88494210,710,54,45,110,748,0,509,0,101,0,1087,0,5,65,-406,21,-4224,40,1,15,2,36,-4,8,230,4,51,3,-100,3
FTLN,346128,2019,6,22,7,50,42,421209137,-88494213,710,54,45,110,748,0,509,0,101,0,1087,0,45,145,-414,27,-4235,63,-1,25,17,84,-7,20,228,3,49,4,-100,7
FTLN,347128,2019,6,22,7,50,43,421209133,-88494215,700,54,45,110,748,0,509,0,101,0,1087,0,42,191,-401,46,-4230,75,0,37,-3,108,-1,30,232,4,50,6,-103,5
FTLN,348128,2019,6,22,7,50,44,421209128,-88494218,700,54,45,110,748,0,509,0,101,0,1087,0,13,95,-414,33,-4228,74,14,21,-11,72,3,19,233,2,51,7,-102,4
FTLN,349128,2019,6,22,7,50,45,421209125,-88494220,700,54,45,110,748,0,509,0,101,0,1087,0,10,49,-422,54,-4216,125,-3,51,6,45,-3,11,230,4,55,3,-99,3
FTLN,350140,2019,6,22,7,50,46,421209118,-88494225,700,54,45,110,748,0,509,0,101,0,1087,0,4,45,-407,36,-4238,80,-3,42,-7,40,0,12,235,7,57,4,-100,4
FTLN,351140,2019,6,22,7,50,47,421209117,-88494232,710,54,45,110,748,0,509,0,101,0,1087,0,5,55,-416,25,-4216,57,0,11,3,38,-3,13,232,5,59,5,-99,6
FTLN,352140,2019,6,22,7,50,48,421209113,-88494237,710,54,45,110,748,0,509,0,101,0,1087,0,14,85,-413,26,-4216,49,0,15,7,70,-8,12,233,6,61,4,-102,2
FTLN,353140,2019,6,22,7,50,49,421209108,-88494240,710,54,45,110,748,0,509,0,101,0,1087,0,37,79,-423,27,-4217,70,-5,39,-8,59,-10,9,232,6,56,7,-101,3
FTLN,354140,2019,6,22,7,50,50,421209103,-88494242,700,54,45,110,748,0,509,0,101,0,1087,0,22,86,-413,46,-4228,86,2,45,-11,59,-10,13,228,4,57,5,-101,5
FTLN,355140,2019,6,22,7,50,51,421209098,-88494247,700,54,45,110,748,0,509,0,101,0,1087,0,-9,106,-412,21,-4238,57,14,14,-8,47,-8,12,234,6,61,4,-103,4
FTLN,356140,2019,6,22,7,50,52,421209095,-88494255,710,54,45,110,748,0,509,0,101,0,1087,0,19,57,-408,34,-4214,65,-15,28,4,45,-14,9,234,4,57,4,-100,3
FTLN,357148,2019,6,22,7,50,53,421209092,-88494262,700,53,45,110,748,0,509,0,101,0,1087,0,16,50,-406,39,-4249,102,2,44,-7,30,-19,9,232,6,55,7,-101,4
FTLN,358148,2019,6,22,7,50,54,421209090,-88494265,710,53,45,110,748,0,509,0,101,0,1087,0,6,75,-410,33,-4206,100,3,39,9,49,-24,9,231,4,55,5,-100,6
FTLN,359148,2019,6,22,7,50,55,421209087,-88494267,700,53,46,110,748,0,509,0,101,0,1087,0,24,71,-414,14,-4242,60,-5,2,0,30,-20,12,230,3,53,4,-103,3
FTLN,360148,2019,6,22,7,50,56,421209082,-88494268,700,54,46,110,748,0,509,0,101,0,1087,0,1,71,-400,42,-4229,91,16,49,-12,36,-9,11,230,5,51,8,-103,3
FTLN,361148,2019,6,22,7,50,57,421209078,-88494272,710,54,46,110,748,0,509,0,101,0,1087,0,15,99,-423,46,-4216,103,-11,42,3,61,-15,15,230,7,47,5,-99,5
FTLN,362148,2019,6,22,7,50,58,421209073,-88494273,710,54,46,110,748,0,509,0,101,0,1087,0,11,94,-413,25,-4217,56,-2,27,-2,61,-12,19,232,3,49,5,-101,5
FTLN,363148,2019,6,22,7,50,59,421209070,-88494275,710,54,46,110,748,0,509,0,101,0,1087,0,23,136,-395,34,-4243,78,14,37,-4,98,-14,25,230,6,48,6,-102,5
FTLN,364148,2019,6,22,7,51,0,421209065,-88494277,710,54,46,110,748,0,509,0,101,0,1087,0,30,69,-404,36,-4237,81,0,48,11,52,-24,7,228,4,48,6,-98,4
FTLN,365148,2019,6,22,7,51,1,421209063,-88494278,710,54,46,110,748,0,509,0,101,0,1087,0,0,98,-410,22,-4225,68,-4,35,8,59,-22,27,232,5,47,6,-102,3
FTLN,366148,2019,6,22,7,51,2,421209063,-88494278,710,54,46,110,748,0,509,0,101,0,1087,0,25,91,-412,53,-4211,142,0,56,-18,60,-15,17,230,5,42,5,-103,4
FTLN,367152,2019,6,22,7,51,3,421209062,-88494283,720,54,46,110,748,0,509,0,101,0,1087,0,34,98,-403,46,-4231,109,-2,63,6,90,-28,16,230,4,40,5,-101,7
FTLN,368152,2019,6,22,7,51,4,421209058,-88494287,730,54,46,110,748,0,509,0,101,0,1087,0,30,144,-412,35,-4228,120,-10,48,7,85,-33,30,229,3,38,6,-101,7
FTLN,369152,2019,6,22,7,51,5,421209053,-88494287,730,54,46,110,748,0,509,0,101,0,1087,0,16,97,-396,29,-4249,81,6,33,-4,71,-27,21,229,4,35,6,-103,4
FTLN,370152,2019,6,22,7,51,6,421209048,-88494285,730,54,46,110,748,0,509,0,101,0,1087,0,58,90,-426,43,-4216,94,2,37,-18,59,-24,12,226,3,29,4,-102,6
FTLN,371152,2019,6,22,7,51,7,421209045,-88494288,730,54,46,110,748,0,509,0,101,0,1087,0,40,146,-397,33,-4260,69,7,43,0,70,-27,33,229,5,27,7,-102,4
FTLN,372152,2019,6,22,7,51,8,421209042,-88494292,740,54,46,110,747,0,509,0,101,0,1087,0,9,157,-422,45,-4178,131,-9,60,2,127,-21,31,224,3,26,8,-100,4
FTLN,373160,2019,6,22,7,51,9,421209042,-88494297,750,54,46,110,747,0,509,0,101,0,1087,0,-3,106,-409,51,-4233,133,-1,46,-25,74,-3,13,226,4,26,3,-101,3
FTLN,374160,2019,6,22,7,51,10,421209040,-88494305,750,54,46,110,746,0,509,0,101,0,1087,0,117,271,-206,267,-4266,183,8,95,-24,174,54,130,224,6,22,7,-104,4
FTLN,375160,2019,6,22,7,51,11,421209080,-88494337,760,54,47,110,745,0,509,0,103,0,1087,0,-161,368,-444,225,-4194,194,0,67,77,136,94,94,229,5,50,10,-102,5
FTLN,376160,2019,6,22,7,51,12,421209117,-88494353,760,54,48,110,743,0,509,0,104,0,1087,0,-112,310,-442,230,-4313,371,-7,240,-8,224,108,96,231,4,63,7,-101,3
FTLN,377160,2019,6,22,7,51,13,421209150,-88494377,760,55,49,110,743,0,509,0,151,58,1087,0,-102,328,-414,473,-4219,487,-27,243,-131,329,241,74,231,5,95,14,-99,4
FTLN,378160,2019,6,22,7,51,14,421209162,-88494398,750,59,53,120,740,1,509,0,172,26,1087,0,-674,590,-317,246,-4244,420,60,308,194,320,360,88,220,10,183,12,-84,7
FTLN,379160,2019,6,22,7,51,15,421209172,-88494407,760,62,55,120,745,0,509,0,157,31,1087,0,101,432,-381,242,-4242,303,61,69,-6,214,158,60,192,7,181,9,-103,4
FTLN,380160,2019,6,22,7,51,16,421209165,-88494405,760,63,56,120,745,1,509,0,195,47,1087,0,535,345,-359,165,-4158,214,-27,178,204,181,-76,48,190,8,180,29,-108,9
